SL NO,Product Name,Price,SKC,Description
1,Product 1,10.35,skc ok,Testing on upload os sample product
2,Product 2,11.35,skc ok,Testing on upload os sample product
3,Product 3,12.35,skc ok,Testing on upload os sample product
4,Product 4,13.35,skc ok,Testing on upload os sample product
5,Product 5,14.35,skc ok,Testing on upload os sample product
6,Product 6,15.35,skc ok,Testing on upload os sample product
7,Product 7,16.35,skc ok,Testing on upload os sample product
8,Product 8,17.35,skc ok,Testing on upload os sample product
9,Product 9,18.35,skc ok,Testing on upload os sample product
10,Product 10,19.35,skc ok,Testing on upload os sample product
